{"ujian":[{"ujian_id":"XE5YNKDVFP","judul":"UH BAHASA INDONESIA 1","jenis_ujian":"0","token":null,"status_soal":"1","tgl_unggah":"2018-10-11 09:50:42","mulai":"2018-02-19 08:10:00","selesai":"2018-02-19 08:40:00","alokasi":"30","jml_soal":"2","acak":"1","konten":"<div><table style=\"border-collapse:collapse\" border=\"0\"><colgroup><col style=\"width:22px\"\/><col style=\"width:42px\"\/><col style=\"width:449px\"\/><col style=\"width:57px\"\/><col style=\"width:63px\"\/><\/colgroup><tbody valign=\"top\"><tr><td colspan=\"5\" style=\"padding-left: 7px; padding-right: 7px; border-top:  solid 0.5pt; border-left:  solid 0.5pt; border-bottom:  solid 0.5pt; border-right:  solid 0.5pt\"><p>ID: XE5YNKDVFP<\/p><\/td><\/tr><tr><td colspan=\"5\" style=\"padding-left: 7px; padding-right: 7px; border-top:  none; border-left:  solid 0.5pt; border-bottom:  solid 0.5pt; border-right:  solid 0.5pt\"><p>Nama Test : UH BAHASA INDONESIA 1<\/p><\/td><\/tr><tr><td style=\"padding-left: 7px; padding-right: 7px; border-top:  none; border-left:  solid 0.5pt; border-bottom:  solid 0.5pt; border-right:  solid 0.5pt\">\u00a0<\/td><td style=\"padding-left: 7px; padding-right: 7px; border-top:  none; border-left:  none; border-bottom:  solid 0.5pt; border-right:  solid 0.5pt\">\u00a0<\/td><td style=\"padding-left: 7px; padding-right: 7px; border-top:  none; border-left:  none; border-bottom:  solid 0.5pt; border-right:  solid 0.5pt\">\u00a0<\/td><td style=\"padding-left: 7px; padding-right: 7px; border-top:  none; border-left:  none; border-bottom:  solid 0.5pt; border-right:  solid 0.5pt\"><p>JAWAB<\/p><\/td><td style=\"padding-left: 7px; padding-right: 7px; border-top:  none; border-left:  none; border-bottom:  solid 0.5pt; border-right:  solid 0.5pt\"><p>SKOR<\/p><\/td><\/tr><tr><td style=\"padding-left: 7px; padding-right: 7px; border-top:  none; border-left:  solid 0.5pt; border-bottom:  solid 0.5pt; border-right:  solid 0.5pt\"><p>1<\/p><\/td><td colspan=\"2\" style=\"padding-left: 7px; padding-right: 7px; border-top:  none; border-left:  none; border-bottom:  solid 0.5pt; border-right:  solid 0.5pt\"><p>Soal 1 <img src=\"images\/2018\/10\/11\/5bbeba8219f30.png\" alt=\"\"\/><\/p><\/td><td style=\"padding-left: 7px; padding-right: 7px; border-top:  none; border-left:  none; border-bottom:  solid 0.5pt; border-right:  solid 0.5pt\"><p>D<\/p><\/td><td style=\"padding-left: 7px; padding-right: 7px; border-top:  none; border-left:  none; border-bottom:  solid 0.5pt; border-right:  solid 0.5pt\"><p>50<\/p><\/td><\/tr><tr><td style=\"padding-left: 7px; padding-right: 7px; border-top:  none; border-left:  solid 0.5pt; border-bottom:  solid 0.5pt; border-right:  solid 0.5pt\">\u00a0<\/td><td style=\"padding-left: 7px; padding-right: 7px; border-top:  none; border-left:  none; border-bottom:  solid 0.5pt; border-right:  solid 0.5pt\"><p>A<\/p><\/td><td style=\"padding-left: 7px; padding-right: 7px; border-top:  none; border-left:  none; border-bottom:  solid 0.5pt; border-right:  solid 0.5pt\"><p>Jawab A<\/p><\/td><td style=\"padding-left: 7px; padding-right: 7px; border-top:  none; border-left:  none; border-bottom:  solid 0.5pt; border-right:  solid 0.5pt\">\u00a0<\/td><td style=\"padding-left: 7px; padding-right: 7px; border-top:  none; border-left:  none; border-bottom:  solid 0.5pt; border-right:  solid 0.5pt\">\u00a0<\/td><\/tr><tr><td style=\"padding-left: 7px; padding-right: 7px; border-top:  none; border-left:  solid 0.5pt; border-bottom:  solid 0.5pt; border-right:  solid 0.5pt\">\u00a0<\/td><td style=\"padding-left: 7px; padding-right: 7px; border-top:  none; border-left:  none; border-bottom:  solid 0.5pt; border-right:  solid 0.5pt\"><p>B<\/p><\/td><td style=\"padding-left: 7px; padding-right: 7px; border-top:  none; border-left:  none; border-bottom:  solid 0.5pt; border-right:  solid 0.5pt\"><p>Jawab B<\/p><\/td><td style=\"padding-left: 7px; padding-right: 7px; border-top:  none; border-left:  none; border-bottom:  solid 0.5pt; border-right:  solid 0.5pt\">\u00a0<\/td><td style=\"padding-left: 7px; padding-right: 7px; border-top:  none; border-left:  none; border-bottom:  solid 0.5pt; border-right:  solid 0.5pt\">\u00a0<\/td><\/tr><tr><td style=\"padding-left: 7px; padding-right: 7px; border-top:  none; border-left:  solid 0.5pt; border-bottom:  solid 0.5pt; border-right:  solid 0.5pt\">\u00a0<\/td><td style=\"padding-left: 7px; padding-right: 7px; border-top:  none; border-left:  none; border-bottom:  solid 0.5pt; border-right:  solid 0.5pt\"><p>C<\/p><\/td><td style=\"padding-left: 7px; padding-right: 7px; border-top:  none; border-left:  none; border-bottom:  solid 0.5pt; border-right:  solid 0.5pt\"><p>Jawab C<\/p><\/td><td style=\"padding-left: 7px; padding-right: 7px; border-top:  none; border-left:  none; border-bottom:  solid 0.5pt; border-right:  solid 0.5pt\">\u00a0<\/td><td style=\"padding-left: 7px; padding-right: 7px; border-top:  none; border-left:  none; border-bottom:  solid 0.5pt; border-right:  solid 0.5pt\">\u00a0<\/td><\/tr><tr><td style=\"padding-left: 7px; padding-right: 7px; border-top:  none; border-left:  solid 0.5pt; border-bottom:  solid 0.5pt; border-right:  solid 0.5pt\">\u00a0<\/td><td style=\"padding-left: 7px; padding-right: 7px; border-top:  none; border-left:  none; border-bottom:  solid 0.5pt; border-right:  solid 0.5pt\"><p>D<\/p><\/td><td style=\"padding-left: 7px; padding-right: 7px; border-top:  none; border-left:  none; border-bottom:  solid 0.5pt; border-right:  solid 0.5pt\"><p>Jawab D<\/p><\/td><td style=\"padding-left: 7px; padding-right: 7px; border-top:  none; border-left:  none; border-bottom:  solid 0.5pt; border-right:  solid 0.5pt\">\u00a0<\/td><td style=\"padding-left: 7px; padding-right: 7px; border-top:  none; border-left:  none; border-bottom:  solid 0.5pt; border-right:  solid 0.5pt\">\u00a0<\/td><\/tr><tr><td style=\"padding-left: 7px; padding-right: 7px; border-top:  none; border-left:  solid 0.5pt; border-bottom:  solid 0.5pt; border-right:  solid 0.5pt\"><p>2<\/p><\/td><td colspan=\"2\" style=\"padding-left: 7px; padding-right: 7px; border-top:  none; border-left:  none; border-bottom:  solid 0.5pt; border-right:  solid 0.5pt\"><p>Soal 2 <img src=\"images\/2018\/10\/11\/5bbeba8253535.png\" alt=\"\"\/><\/p><\/td><td style=\"padding-left: 7px; padding-right: 7px; border-top:  none; border-left:  none; border-bottom:  solid 0.5pt; border-right:  solid 0.5pt\"><p>A<\/p><\/td><td style=\"padding-left: 7px; padding-right: 7px; border-top:  none; border-left:  none; border-bottom:  solid 0.5pt; border-right:  solid 0.5pt\"><p>50<\/p><\/td><\/tr><tr><td style=\"padding-left: 7px; padding-right: 7px; border-top:  none; border-left:  solid 0.5pt; border-bottom:  solid 0.5pt; border-right:  solid 0.5pt\">\u00a0<\/td><td style=\"padding-left: 7px; padding-right: 7px; border-top:  none; border-left:  none; border-bottom:  solid 0.5pt; border-right:  solid 0.5pt\"><p>A<\/p><\/td><td style=\"padding-left: 7px; padding-right: 7px; border-top:  none; border-left:  none; border-bottom:  solid 0.5pt; border-right:  solid 0.5pt\"><p>Jawaban 1<\/p><\/td><td style=\"padding-left: 7px; padding-right: 7px; border-top:  none; border-left:  none; border-bottom:  solid 0.5pt; border-right:  solid 0.5pt\">\u00a0<\/td><td style=\"padding-left: 7px; padding-right: 7px; border-top:  none; border-left:  none; border-bottom:  solid 0.5pt; border-right:  solid 0.5pt\">\u00a0<\/td><\/tr><tr><td style=\"padding-left: 7px; padding-right: 7px; border-top:  none; border-left:  solid 0.5pt; border-bottom:  solid 0.5pt; border-right:  solid 0.5pt\">\u00a0<\/td><td style=\"padding-left: 7px; padding-right: 7px; border-top:  none; border-left:  none; border-bottom:  solid 0.5pt; border-right:  solid 0.5pt\"><p>B<\/p><\/td><td style=\"padding-left: 7px; padding-right: 7px; border-top:  none; border-left:  none; border-bottom:  solid 0.5pt; border-right:  solid 0.5pt\"><p>Jawaban 2<\/p><\/td><td style=\"padding-left: 7px; padding-right: 7px; border-top:  none; border-left:  none; border-bottom:  solid 0.5pt; border-right:  solid 0.5pt\">\u00a0<\/td><td style=\"padding-left: 7px; padding-right: 7px; border-top:  none; border-left:  none; border-bottom:  solid 0.5pt; border-right:  solid 0.5pt\">\u00a0<\/td><\/tr><tr><td style=\"padding-left: 7px; padding-right: 7px; border-top:  none; border-left:  solid 0.5pt; border-bottom:  solid 0.5pt; border-right:  solid 0.5pt\">\u00a0<\/td><td style=\"padding-left: 7px; padding-right: 7px; border-top:  none; border-left:  none; border-bottom:  solid 0.5pt; border-right:  solid 0.5pt\"><p>C<\/p><\/td><td style=\"padding-left: 7px; padding-right: 7px; border-top:  none; border-left:  none; border-bottom:  solid 0.5pt; border-right:  solid 0.5pt\"><p>Jawaban 3<\/p><\/td><td style=\"padding-left: 7px; padding-right: 7px; border-top:  none; border-left:  none; border-bottom:  solid 0.5pt; border-right:  solid 0.5pt\">\u00a0<\/td><td style=\"padding-left: 7px; padding-right: 7px; border-top:  none; border-left:  none; border-bottom:  solid 0.5pt; border-right:  solid 0.5pt\">\u00a0<\/td><\/tr><\/tbody><\/table><\/div>","sync":"0"},{"ujian_id":"ZSTMBH2ZBI","judul":null,"jenis_ujian":"0","token":null,"status_soal":"0","tgl_unggah":null,"mulai":"2018-02-19 08:10:00","selesai":"2018-02-19 08:40:00","alokasi":"30","jml_soal":"2","acak":"1","konten":null,"sync":"0"}],"soal":[{"ujian_id":"XE5YNKDVFP","no_soal":"1","konten":"<p>Soal 1 <img src=\"images\/2018\/10\/11\/5bbeba8219f30.png\" alt=\"\"\/><\/p>","jawaban":"D","skor":"50"},{"ujian_id":"XE5YNKDVFP","no_soal":"2","konten":"<p>Soal 2 <img src=\"images\/2018\/10\/11\/5bbeba8253535.png\" alt=\"\"\/><\/p>","jawaban":"A","skor":"50"}],"pilihan_jawaban":[{"ujian_id":"XE5YNKDVFP","no_soal":"1","pilihan_ke":"A","konten":"<p>Jawab A<\/p>"},{"ujian_id":"XE5YNKDVFP","no_soal":"1","pilihan_ke":"B","konten":"<p>Jawab B<\/p>"},{"ujian_id":"XE5YNKDVFP","no_soal":"1","pilihan_ke":"C","konten":"<p>Jawab C<\/p>"},{"ujian_id":"XE5YNKDVFP","no_soal":"1","pilihan_ke":"D","konten":"<p>Jawab D<\/p>"},{"ujian_id":"XE5YNKDVFP","no_soal":"2","pilihan_ke":"A","konten":"<p>Jawaban 1<\/p>"},{"ujian_id":"XE5YNKDVFP","no_soal":"2","pilihan_ke":"B","konten":"<p>Jawaban 2<\/p>"},{"ujian_id":"XE5YNKDVFP","no_soal":"2","pilihan_ke":"C","konten":"<p>Jawaban 3<\/p>"}],"peserta":[{"ujian_id":"XE5YNKDVFP","nis":"UBK090101","login":"CBT1","password":"1","nama":"ADHISTY LIRA AGATHA","kelas":null,"server":null,"sesi":null,"status":"0","last_login":null},{"ujian_id":"XE5YNKDVFP","nis":"UBK090102","login":"CBT2","password":"1","nama":"AISSURRO ISSLAMIAH M","kelas":null,"server":null,"sesi":null,"status":"0","last_login":null},{"ujian_id":"XE5YNKDVFP","nis":"UBK090103","login":"CBT3","password":"1","nama":"ANNISYATASYARIFIYAH VARACHMITA","kelas":null,"server":null,"sesi":null,"status":"0","last_login":null},{"ujian_id":"XE5YNKDVFP","nis":"UBK090104","login":"CBT4","password":"1","nama":"ANUGRAH FIRMANSYAH","kelas":null,"server":null,"sesi":null,"status":"0","last_login":null},{"ujian_id":"XE5YNKDVFP","nis":"UBK090105","login":"CBT5","password":"1","nama":"AUGUSTA AHMAD BINTANG WIDIGDO","kelas":null,"server":null,"sesi":null,"status":"0","last_login":null},{"ujian_id":"XE5YNKDVFP","nis":"UBK090106","login":"CBT6","password":"1","nama":"DELLA OKTAVIA SABINA","kelas":null,"server":null,"sesi":null,"status":"0","last_login":null},{"ujian_id":"XE5YNKDVFP","nis":"UBK090107","login":"CBT7","password":"1","nama":"DEWI NURAISYAH PUTRI NABILA","kelas":null,"server":null,"sesi":null,"status":"0","last_login":null},{"ujian_id":"XE5YNKDVFP","nis":"UBK090108","login":"CBT8","password":"1","nama":"DWI PUTRI SULISTYO AGUSTIN","kelas":null,"server":null,"sesi":null,"status":"0","last_login":null},{"ujian_id":"XE5YNKDVFP","nis":"UBK090109","login":"CBT9","password":"1","nama":"FATHIMAH NUR'AINI","kelas":null,"server":null,"sesi":null,"status":"0","last_login":null},{"ujian_id":"XE5YNKDVFP","nis":"UBK090110","login":"CBT10","password":"1","nama":"FII NIDA ROSYADA UMMI ZAINAH","kelas":null,"server":null,"sesi":null,"status":"0","last_login":null},{"ujian_id":"ZSTMBH2ZBI","nis":"UBK090101","login":"CBT1","password":"1","nama":"ADHISTY LIRA AGATHA","kelas":null,"server":null,"sesi":null,"status":"0","last_login":null},{"ujian_id":"ZSTMBH2ZBI","nis":"UBK090102","login":"CBT2","password":"1","nama":"AISSURRO ISSLAMIAH M","kelas":null,"server":null,"sesi":null,"status":"0","last_login":null},{"ujian_id":"ZSTMBH2ZBI","nis":"UBK090103","login":"CBT3","password":"1","nama":"ANNISYATASYARIFIYAH VARACHMITA","kelas":null,"server":null,"sesi":null,"status":"0","last_login":null},{"ujian_id":"ZSTMBH2ZBI","nis":"UBK090104","login":"CBT4","password":"1","nama":"ANUGRAH FIRMANSYAH","kelas":null,"server":null,"sesi":null,"status":"0","last_login":null},{"ujian_id":"ZSTMBH2ZBI","nis":"UBK090105","login":"CBT5","password":"1","nama":"AUGUSTA AHMAD BINTANG WIDIGDO","kelas":null,"server":null,"sesi":null,"status":"0","last_login":null},{"ujian_id":"ZSTMBH2ZBI","nis":"UBK090106","login":"CBT6","password":"1","nama":"DELLA OKTAVIA SABINA","kelas":null,"server":null,"sesi":null,"status":"0","last_login":null},{"ujian_id":"ZSTMBH2ZBI","nis":"UBK090107","login":"CBT7","password":"1","nama":"DEWI NURAISYAH PUTRI NABILA","kelas":null,"server":null,"sesi":null,"status":"0","last_login":null},{"ujian_id":"ZSTMBH2ZBI","nis":"UBK090108","login":"CBT8","password":"1","nama":"DWI PUTRI SULISTYO AGUSTIN","kelas":null,"server":null,"sesi":null,"status":"0","last_login":null},{"ujian_id":"ZSTMBH2ZBI","nis":"UBK090109","login":"CBT9","password":"1","nama":"FATHIMAH NUR'AINI","kelas":null,"server":null,"sesi":null,"status":"0","last_login":null},{"ujian_id":"ZSTMBH2ZBI","nis":"UBK090110","login":"CBT10","password":"1","nama":"FII NIDA ROSYADA UMMI ZAINAH","kelas":null,"server":null,"sesi":null,"status":"0","last_login":null}],"peserta_jawaban":[]}